{
	"IcoMoonType": "selection",
	"icons": [
		{
			"icon": {
				"paths": [
					"M928 128h-832c-52.8 0-96 43.2-96 96v640c0 52.8 43.2 96 96 96h832c52.8 0 96-43.2 96-96v-640c0-52.8-43.2-96-96-96zM398.74 550.372l-270.74 210.892v-501.642l270.74 290.75zM176.38 256h671.24l-335.62 252-335.62-252zM409.288 561.698l102.712 110.302 102.71-110.302 210.554 270.302h-626.528l210.552-270.302zM625.26 550.372l270.74-290.75v501.642l-270.74-210.892z"
				],
				"tags": [
					"envelope",
					"mail",
					"email",
					"contact",
					"letter"
				],
				"grid": 16
			},
			"properties": {
				"id": 64,
				"order": 2,
				"prevSize": 32,
				"code": 58880,
				"name": "envelope",
				"ligatures": ""
			},
			"setIdx": 0,
			"iconIdx": 64
		},
		{
			"icon": {
				"paths": [
					"M1024 512c0 282.77-229.23 512-512 512s-512-229.23-512-512 229.23-512 512-512 512 229.23 512 512zM96 512c0 229.75 186.25 416 416 416s416-186.25 416-416-186.25-416-416-416-416 186.25-416 416zM557.254 210.744l256 256.002c24.994 24.992 24.994 65.514 0 90.508s-65.516 24.994-90.51 0l-146.744-146.744v357.49c0 35.346-28.654 64-64 64s-64-28.654-64-64v-357.49l-146.744 146.746c-24.994 24.994-65.518 24.994-90.512 0-12.496-12.498-18.744-28.878-18.744-45.256s6.248-32.758 18.744-45.254l256-256.002c24.994-24.992 65.518-24.992 90.51 0z"
				],
				"tags": [
					"arrow-up",
					"upload",
					"top"
				],
				"grid": 16
			},
			"properties": {
				"id": 304,
				"order": 1,
				"prevSize": 32,
				"code": 58881,
				"name": "arrow-up",
				"ligatures": ""
			},
			"setIdx": 0,
			"iconIdx": 304
		}
	],
	"height": 1024,
	"metadata": {
		"name": "icomoon"
	},
	"preferences": {
		"fontPref": {
			"prefix": "icon-",
			"metadata": {
				"fontFamily": "icomoon"
			},
			"showGlyphs": true,
			"metrics": {
				"emSize": 512,
				"baseline": 6.25,
				"whitespace": 50
			},
			"resetPoint": 58880,
			"showQuickUse": true,
			"quickUsageToken": false,
			"showMetrics": true,
			"showMetadata": false
		},
		"imagePref": {
			"color": 0,
			"height": 32,
			"columns": 16,
			"margin": 16,
			"png": false,
			"sprites": true
		},
		"historySize": 100,
		"showCodes": true,
		"gridSize": 16,
		"showLiga": false,
		"showGrid": true,
		"showGlyphs": true,
		"showQuickUse": true,
		"search": ""
	}
}